Province;Autonomous community
Albacete;Castilla - La Mancha
Alicante/Alacant;Comunitat Valenciana
Almería;Andalucía
Araba/Álava;País Vasco
Asturias;Asturias, Principado de
Badajoz;Extremadura
Balears, Illes;Balears, Illes
Barcelona;Cataluña
Bizkaia;País Vasco
Burgos;Castilla y León
Cantabria;Cantabria
Castellón/Castelló;Comunitat Valenciana
Ceuta;Cueta
Ciudad Real;Castilla - La Mancha
Coruña, A;Galicia
Cuenca;Castilla - La Mancha
Cáceres;Extremadura
Cádiz;Andalucía
Córdoba;Andalucía
Gipuzkoa; País Vasco
Girona;Cataluña
Granada;Andalucía
Guadalajara;Castilla - La Mancha
Huelva;Andalucía
Huesca;Aragón
Jaén;Andalucía
León;Castilla y León
Lleida;Cataluña
Lugo;Galicia
Madrid;Madrid, Comunidad de
Melilla;Melilla
Murcia;Murcia, Región de
Málaga;Andalucía
Navarra;Navarra, Comunidad Foral de
Ourense;Galicia
Palencia;Castilla y León
Palmas, Las;Canarias
Pontevedra;Galicia
Rioja, La;Rioja, La
Salamanca;Castilla y León
Santa Cruz de Tenerife;Canarias
Segovia;Castilla y León
Sevilla;Andalucía
Soria;Castilla y León
Spain;Spain
Tarragona;Cataluña
Teruel;Aragón
Toledo;Castilla - La Mancha
Valencia/València;Comunitat Valenciana
Valladolid;Castilla y León
Zamora;Castilla y León
Zaragoza;Aragón
Ávila;Castilla y León
